"deporte","genero","criterio","criterio_url","atleta","anio_nacimiento","nacimiento_url","marca","confianza","fuente_nombre","fuente_url","nota","busquedas"
"Atletismo","M","World Athletics Rising Star 2025 masculino (finalista)","https://worldathletics.org/awards/news/finalists-announced-2025-men-rising-star","Biniam Mehary","2006","https://en.wikipedia.org/wiki/Biniam_Mehary","n.d.","n","","","Sin contrato de calzado/indumentaria publicado.","2"
"Atletismo","F","World Athletics Rising Star 2025 femenino (finalista)","https://worldathletics.org/awards/news/finalists-announced-2025-women-rising-star-copy","Birke Haylom","2006","https://en.wikipedia.org/wiki/Birke_Haylom","n.d.","n","","","Sin contrato de calzado/indumentaria publicado.","2"
"Atletismo","M","World Athletics Rising Star 2025 masculino (finalista)","https://worldathletics.org/awards/news/finalists-announced-2025-men-rising-star","Edmund Serem","2007","https://en.wikipedia.org/wiki/Edmund_Serem","n.d.","n","","","Ganador del premio 2025; sin contrato de calzado/indumentaria publicado.","3"
"Atletismo","M","World Athletics Rising Star 2025 masculino (finalista)","https://worldathletics.org/awards/news/finalists-announced-2025-men-rising-star","Phanuel Koech","2006","https://en.wikipedia.org/wiki/Phanuel_Koech","Adidas","h","Wikipedia, s/f","https://en.wikipedia.org/wiki/Phanuel_Koech","Firmó contrato profesional con Adidas a fines de 2024; sin fuente fechada 2025-26 de vigencia.","2"
"Atletismo","F","World Athletics Rising Star 2025 femenino (finalista)","https://worldathletics.org/awards/news/finalists-announced-2025-women-rising-star-copy","Yan Ziyi","2008","https://en.wikipedia.org/wiki/Yan_Ziyi","Anta","v","Sohu, sep-2026","https://www.sohu.com/a/1082840951_138481","Anta anunció su fichaje (jabalina) en sep-2026.","1"
"Atletismo","F","World Athletics Rising Star 2025 femenino (finalista)","https://worldathletics.org/awards/news/finalists-announced-2025-women-rising-star-copy","Zhang Jiale","2006","https://en.wikipedia.org/wiki/Zhang_Jiale","n.d.","n","","","Sin contrato individual publicado; el uniforme de la selección china no cuenta.","2"
"Básquet","M","Draft NBA 2025 (top 5) #5","https://www.nba.com/news/2025-nba-draft-takeaways","Ace Bailey","2006","","Nike","v","Sports Illustrated, jul-2025","https://www.si.com/nba/jazz/onsi/news/ace-bailey-giannis-antetokounmpo-appear-new-nike-ad","Nike lo firmó como NIL en Rutgers (nov-2024), plurianual NIL+NBA; protagoniza anuncio Nike 2025.","1"
"Básquet","M","Kia NBA All-Rookie First Team 2024-25","https://nba.com/news/2024-25-all-rookie-teams-announced","Alex Sarr","2005","https://en.wikipedia.org/wiki/Alex_Sarr","Decathlon","v","Decathlon (comunicado), mar-2025","https://decathlon.prezly.com/pb-as","Decathlon es su socio técnico y proveedor exclusivo de calzado; primer jugador NBA de la marca.","2"
"Básquet","M","Draft NBA 2025 (top 5) #1","https://www.nba.com/news/2025-nba-draft-takeaways","Cooper Flagg","2006","https://en.wikipedia.org/wiki/Ace_Flagg","New Balance","v","NSS Sports, jun-2025","https://www.nss-sports.com/en/lifestyle/41704/cooper-flagg-2025-nba-draft-dallas-new-balance","Firmó en ago-2024 (NIL en Duke + años NBA); embajador NB, PE Hesi Low V2 en 2025-26.","3"
"Básquet","M","Draft NBA 2025 (top 5) #2","https://www.nba.com/news/2025-nba-draft-takeaways","Dylan Harper","2006","","Nike","v","BookingAgentInfo, mar-2026","https://bookingagentinfo.com/news/dylan-harper-stars-in-new-campaign-for-foot-locker/","Contrato Nike firmado como NIL en Rutgers (nov-2024); PE G.T. Cut 1 en 2026.","1"
"Básquet","M","Kia NBA All-Rookie First Team 2024-25","https://nba.com/news/2024-25-all-rookie-teams-announced","Jaylen Wells","2003","https://en.wikipedia.org/wiki/Jaylen_Wells","n.d.","n","","","Hay menciones no verificadas de un acuerdo con Nike (dic-2024); sin fuente confirmada.","2"
"Básquet","M","Draft NBA 2025 (top 5) #4","https://www.nba.com/news/2025-nba-draft-takeaways","Kon Knueppel","2005","","Jordan","v","HoopsHype, jul-2025","https://www.hoopshype.com/story/sports/nba/rumors/2025/07/11/nick-depaula-breaking-hornets-rookie-kon-knueppel/85192052007/","Contrato plurianual de calzado y ropa con Jordan Brand (reporte de Nick DePaula).","4"
"Básquet","M","Kia NBA All-Rookie First Team 2024-25 (ROY)","https://nba.com/news/2024-25-all-rookie-teams-announced","Stephon Castle","2004","https://en.wikipedia.org/wiki/Stephon_Castle","Jordan","v","Roundtable, ago-2026","https://roundtable.io/sports/nba/spurs/news/spurs-stephon-castle-debuts-air-jordan-41-in-shanghai-ahead-of-the-one-global-finals","Firmó con Jordan Brand en oct-2024; sigue como atleta Jordan en 2026 (Air Jordan 41).","2"
"Básquet","M","Draft NBA 2025 (top 5) #3","https://www.nba.com/news/2025-nba-draft-takeaways","VJ Edgecombe","2005","https://en.wikipedia.org/wiki/V._J._Edgecombe","Adidas","v","NBC Philadelphia, jul-2025","https://www.nbcphiladelphia.com/news/business/money-report/19-year-old-nba-rookie-had-no-electricity-for-7-years-now-he-could-sign-a-contract-worth-50-4-million/4225688/?amp=1","Contrato plurianual con Adidas anunciado el día del Draft 2025.","2"
"Básquet","M","Kia NBA All-Rookie First Team 2024-25","https://nba.com/news/2024-25-all-rookie-teams-announced","Zaccharie Risacher","2005","https://en.wikipedia.org/wiki/Zaccharie_Risacher","n.d.","n","","","Sin contrato individual de calzado reportado. Traspasado de Atlanta en jul-2026.","2"
"Béisbol","M","MLB Pipeline Top 100 actualizado ago-2026 (top 5) #4","https://www.mlb.com/milb/news/top-100-prospects-updated-in-season-rankings-2026","Eli Willits","2007","https://en.wikipedia.org/wiki/Eli_Willits","n.d.","n","","","Sin contrato individual de calzado/indumentaria publicado.","2"
"Béisbol","M","MLB Pipeline Top 100 actualizado ago-2026 (top 5) #3","https://www.mlb.com/milb/news/top-100-prospects-updated-in-season-rankings-2026","Franklin Arias","2005","https://en.wikipedia.org/wiki/Franklin_Arias","n.d.","n","","","Sin contrato individual de calzado/indumentaria publicado.","2"
"Béisbol","M","MLB Pipeline Top 100 actualizado ago-2026 (top 5) #1","https://www.mlb.com/milb/news/top-100-prospects-updated-in-season-rankings-2026","Jesús Made","2007","https://en.wikipedia.org/wiki/Jes%C3%BAs_Made","n.d.","n","","","Sin contrato individual de calzado/indumentaria publicado.","2"
"Béisbol","M","MLB Pipeline Top 100 actualizado ago-2026 (top 5) #5","https://www.mlb.com/milb/news/top-100-prospects-updated-in-season-rankings-2026","Kade Anderson","2004","https://en.wikipedia.org/wiki/Kade_Anderson","n.d.","n","","","Sin contrato individual ni NIL de marca hallado (ex-LSU).","2"
"Béisbol","M","MLB Pipeline Top 100 actualizado ago-2026 (top 5) #2","https://www.mlb.com/milb/news/top-100-prospects-updated-in-season-rankings-2026","Leo De Vries","2006","https://en.wikipedia.org/wiki/Leo_De_Vries","n.d.","n","","","Sin contrato individual de calzado/indumentaria publicado.","2"
"Béisbol","M","Novato del Año 2025 Liga Americana","https://www.flashscore.com/news/nick-kurtz-drake-baldwin-win-2025-mlb-rookie-of-the-year-awards/bLLaLmgt","Nick Kurtz","2003","https://en.wikipedia.org/wiki/Nick_Kurtz","New Balance","h","Baseball Gear Magazine, sep-2026","https://www.baseballgearmagazine.com/players/nick-kurtz/","Usa spikes New Balance FuelCell 4040 v8; no se halló anuncio formal del contrato.","4"
"Fútbol","M","Golden Boy 2025 (finalista, wild card)","https://www.si.com/soccer/golden-boy-2025-full-list-of-nominees","Aleksandar Stanković","2005","https://www.transfermarkt.com/aleksandar-stankovic/profil/spieler/780136","Adidas","h","Instagram (@alestankovic), sin fecha","https://www.instagram.com/alestankovic/","Su Instagram lo vincula a @adidasfootball; sin anuncio fechado.","2"
"Fútbol","M","Golden Boy 2025 (finalista)","https://www.si.com/soccer/golden-boy-2025-full-list-of-nominees","Archie Gray","2006","https://www.transfermarkt.com/archie-gray/profil/spieler/922693","Adidas","h","Transfermarkt (perfil, sin fecha)","https://www.transfermarkt.com/archie-gray/profil/spieler/922693","Transfermarkt lo lista como vestido por Adidas; sin anuncio fechado.","2"
"Fútbol","M","Golden Boy 2025 (finalista)","https://www.si.com/soccer/golden-boy-2025-full-list-of-nominees","Arda Güler","2005","https://www.si.com/soccer/golden-boy-2025-full-list-of-nominees","Nike","v","Footy Headlines, ene-2026","https://www.footyheadlines.com/2026/01/censored-has-arda-guler-teased-tiempo.html","Atleta Nike (Mercurial Vapor); sesión de fotos Nike ene-2026, posible cambio a Tiempo.","2"
"Fútbol","M","Trofeo Kopa 2025 (nominado)","https://www.si.com/soccer/full-list-of-kopa-trophy-2025-nominees-yamal-doue","Ayyoub Bouaddi","2007","https://www.transfermarkt.com/ayyoub-bouaddi/profil/spieler/1097139","Adidas","h","Transfermarkt (perfil, sin fecha)","https://www.transfermarkt.com/ayyoub-bouaddi/profil/spieler/1097139","Transfermarkt lo lista como vestido por Adidas; sin anuncio fechado del contrato.","2"
"Fútbol","M","Golden Boy 2025 (finalista) + Trofeo Kopa 2025 (nominado)","https://www.si.com/soccer/golden-boy-2025-full-list-of-nominees","Dean Huijsen","2005","https://www.realmadrid.com/de-DE/news/fussball/erste-mannshaft/latest-news/huijsen-cumple-21-anos-14-04-2026","Adidas","h","Real Madrid, ene-2026","https://www.realmadrid.com/en-US/news/club/sponsors/adidas-lanza-las-nuevas-botas-predator-y-f50-16-01-2026","Usa Adidas F50 Elite en lanzamiento Adidas; Adidas también viste al club, sin contrato confirmado.","2"
"Fútbol","M","Golden Boy 2025 (finalista) + Trofeo Kopa 2025 (nominado)","https://www.si.com/soccer/golden-boy-2025-full-list-of-nominees","Désiré Doué","2005","https://www.si.com/soccer/golden-boy-2025-full-list-of-nominees","Nike","v","BookingAgentInfo, jul-2026","https://bookingagentinfo.com/news/desire-doue-fronts-nike-atelier-merc-premium-boot-launch/","Primer contrato de botas con Nike (jun-2026); antes agente libre sin marca.","1"
"Fútbol","M","Golden Boy 2025 (finalista)","https://www.si.com/soccer/golden-boy-2025-full-list-of-nominees","Eliesse Ben Seghir","2005","https://www.transfermarkt.com/eliesse-ben-seghir/profil/spieler/810895","Adidas","h","Morocco World News, oct-2024","https://www.moroccoworldnews.com/2024/10/13712/messi-10-adidas-campaign-features-moroccos-eliesse-ben-seghir/","Campaña Adidas Messi+10 (oct-2024); Transfermarkt confirma Adidas sin fecha.","1"
"Fútbol","M","Golden Boy 2025 (finalista)","https://www.si.com/soccer/golden-boy-2025-full-list-of-nominees","Estêvão","2007","https://en.wikipedia.org/wiki/Est%C3%AAv%C3%A3o_Willian","Nike","h","Wikipedia, s/f","https://en.wikipedia.org/wiki/Est%C3%AAv%C3%A3o_Willian","Firmó con Nike a los 10 años; sin fuente fechada reciente del vínculo.","1"
"Fútbol","M","Golden Boy 2025 (finalista)","https://www.si.com/soccer/golden-boy-2025-full-list-of-nominees","Ethan Nwaneri","2007","https://www.transfermarkt.com/ethan-nwaneri/profil/spieler/890719","Nike","v","Footy Headlines, mar-2025","https://www.footyheadlines.com/2024/06/nike-t90-remake-boots.html","Cara del lanzamiento Nike Total 90 2025; no hay comunicado formal del contrato.","2"
"Fútbol","M","Golden Boy 2025 (finalista, wild card)","https://www.si.com/soccer/golden-boy-2025-full-list-of-nominees","Francesco Pio Esposito","2005","https://www.transfermarkt.com/pio-esposito/profil/spieler/930781","Nike","h","Transfermarkt (perfil, sin fecha)","https://www.transfermarkt.com/pio-esposito/profil/spieler/930781","Transfermarkt lo lista como vestido por Nike; sin anuncio fechado.","2"
"Fútbol","M","Golden Boy 2025 (finalista)","https://www.si.com/soccer/golden-boy-2025-full-list-of-nominees","Franco Mastantuono","2007","https://www.si.com/soccer/golden-boy-2025-full-list-of-nominees","Adidas","h","El Gráfico, s/f","https://www.elgrafico.com.ar/articulo/primera-division/89794/franco-mastantuono-los-hitos-en-river-de-una-carrera-meteorica","Con Adidas desde los 14 años; contrato extendido según prensa argentina.","1"
"Fútbol","M","Golden Boy 2025 (finalista)","https://www.si.com/soccer/golden-boy-2025-full-list-of-nominees","Geovany Quenda","2007","https://www.transfermarkt.com/geovany-quenda/profil/spieler/1138758","Nike","h","Transfermarkt (perfil, sin fecha)","https://www.transfermarkt.com/geovany-quenda/profil/spieler/1138758","Transfermarkt lo lista como vestido por Nike; sin fuente fechada del contrato.","2"
"Fútbol","M","Golden Boy 2025 (finalista, wild card)","https://www.si.com/soccer/golden-boy-2025-full-list-of-nominees","Giovanni Leoni","2006","https://www.transfermarkt.com/giovanni-leoni/profil/spieler/1086619","Nike","h","Transfermarkt (perfil, sin fecha)","https://www.transfermarkt.com/giovanni-leoni/profil/spieler/1086619","Transfermarkt lo lista como vestido por Nike; sin anuncio fechado.","2"
"Fútbol","M","Golden Boy 2025 (finalista, wild card)","https://www.si.com/soccer/golden-boy-2025-full-list-of-nominees","Jobe Bellingham","2005","https://www.transfermarkt.com/jobe-bellingham/profil/spieler/796297","Adidas","h","Transfermarkt (perfil, sin fecha)","https://www.transfermarkt.com/jobe-bellingham/profil/spieler/796297","Transfermarkt lo lista como vestido por Adidas; sin anuncio fechado (Jude también Adidas).","2"
"Fútbol","M","Golden Boy 2025 (finalista)","https://www.si.com/soccer/golden-boy-2025-full-list-of-nominees","Jorrel Hato","2006","https://www.transfermarkt.com/jorrel-hato/profil/spieler/904802","n.d.","n","","","Sin contrato individual de calzado/indumentaria hallado.","2"
"Fútbol","M","Trofeo Kopa 2025 (nominado)","https://www.si.com/soccer/full-list-of-kopa-trophy-2025-nominees-yamal-doue","João Neves","2004","https://www.transfermarkt.com/joao-neves/profil/spieler/670681","Nike","h","SoccerBible, mar-2025","https://www.soccerbible.com/boot-spotting/2025/03/first-look-at-next-gen-nike-phantom-gx/","Estrenó prototipo Nike Phantom en entrenos del PSG; no se halló anuncio del contrato.","3"
"Fútbol","M","Golden Boy 2025 (finalista) + Trofeo Kopa 2025 (nominado)","https://www.si.com/soccer/golden-boy-2025-full-list-of-nominees","Kenan Yıldız","2005","https://www.si.com/soccer/golden-boy-2025-full-list-of-nominees","Adidas","v","nss sports, ene-2026","https://www.nss-sports.com/en/lifestyle/44054/yildiz-celebration-meaning","Con Adidas desde los 10 años; cara de colección Adidas x Moon Boot (2026).","1"
"Fútbol","M","Trofeo Kopa 2025 (nominado)","https://www.si.com/soccer/full-list-of-kopa-trophy-2025-nominees-yamal-doue","Lamine Yamal","2007","https://www.footyheadlines.com/2025/07/yamal-adidas-top-player.html","Adidas","v","Footy Headlines, jul-2025","https://www.footyheadlines.com/2025/07/yamal-adidas-top-player.html","Atleta firma Adidas desde 2024 (dejó Nike); bota propia F50 LY304.","1"
"Fútbol","M","Mención del usuario","https://www.echo24.de/sport/fussball/besonderes-geschenk-fuer-bayerns-supertalent-lennart-karl-nach-traum-woche-zr-94010007.html","Lennart Karl","2008","https://www.echo24.de/sport/fussball/besonderes-geschenk-fuer-bayerns-supertalent-lennart-karl-nach-traum-woche-zr-94010007.html","Nike","v","echo24, oct-2025","https://www.echo24.de/sport/fussball/besonderes-geschenk-fuer-bayerns-supertalent-lennart-karl-nach-traum-woche-zr-94010007.html","No figura en Golden Boy ni Kopa 2025. Patrocinado por Nike, botas personalizadas tras gol en UCL.","1"
"Fútbol","M","Golden Boy 2025 (finalista)","https://www.si.com/soccer/golden-boy-2025-full-list-of-nominees","Leny Yoro","2005","https://www.transfermarkt.com/leny-yoro/profil/spieler/923831","Adidas","h","Footpack, 2024","https://www.footpack.fr/212436-les-trophees-unfp-2023-2024-version-footpack","Usaba Adidas Predator en Lille (2023-24); sin anuncio de contrato ni outfitter en Transfermarkt.","2"
"Fútbol","M","Golden Boy 2025 (finalista)","https://www.si.com/soccer/golden-boy-2025-full-list-of-nominees","Lucas Bergvall","2006","https://www.transfermarkt.com/lucas-bergvall/profil/spieler/866246","Nike","h","Transfermarkt (perfil, sin fecha)","https://www.transfermarkt.com/lucas-bergvall/profil/spieler/866246","Transfermarkt lo lista como vestido por Nike; sin anuncio fechado.","2"
"Fútbol","M","Golden Boy 2025 (finalista)","https://www.si.com/soccer/golden-boy-2025-full-list-of-nominees","Mamadou Sarr","2005","https://www.transfermarkt.com/mamadou-sarr/profil/spieler/910905","Adidas","h","Instagram (@msarr6_), sin fecha","https://www.instagram.com/msarr6_/","Su bio de Instagram etiqueta a @adidasfootball; sin anuncio fechado.","2"
"Fútbol","M","Golden Boy 2025 (finalista) + Trofeo Kopa 2025 (nominado)","https://www.si.com/soccer/golden-boy-2025-full-list-of-nominees","Myles Lewis-Skelly","2006","https://www.si.com/soccer/golden-boy-2025-full-list-of-nominees","Adidas","h","SoccerBible, feb-2025","https://www.soccerbible.com/boot-spotting/2025/02/feb-3/global-boot-spotting/","Visto con Adidas Predator FT Elite; sin contrato confirmado.","2"
"Fútbol","M","Golden Boy 2025 (finalista)","https://www.si.com/soccer/golden-boy-2025-full-list-of-nominees","Nico O'Reilly","2005","https://www.transfermarkt.com/nico-oreilly/profil/spieler/743413","Nike","h","Transfermarkt (perfil, sin fecha)","https://www.transfermarkt.com/nico-oreilly/profil/spieler/743413","Transfermarkt lo lista como vestido por Nike; sin anuncio fechado.","2"
"Fútbol","M","Golden Boy 2025 (finalista) + Trofeo Kopa 2025 (nominado)","https://www.si.com/soccer/golden-boy-2025-full-list-of-nominees","Pau Cubarsí","2007","https://www.si.com/soccer/golden-boy-2025-full-list-of-nominees","Adidas","v","adidas News, nov-2025","https://news.adidas.com/football/adidas-introduces-the-football-gal-predator/s/dd80577e-0046-48ec-86b7-1508234725dd","Atleta Adidas (campaña Predator, nov-2025), confirmado por el usuario.","2"
"Fútbol","M","Golden Boy 2025 (finalista) + Trofeo Kopa 2025 (nominado)","https://www.si.com/soccer/golden-boy-2025-full-list-of-nominees","Rodrigo Mora","2007","https://www.transfermarkt.com/rodrigo-mora/profil/spieler/957653","Adidas","v","SoccerBible, oct-2025","https://www.soccerbible.com/news/2025/10/adidas-unveil-messiplus10-season-2-a-new-generation-of-visionaries/","Elegido para la campaña Adidas Messi+10 temporada 2 (botas F50 exclusivas).","3"
"Fútbol","M","Golden Boy 2025 (finalista)","https://www.si.com/soccer/golden-boy-2025-full-list-of-nominees","Senny Mayulu","2006","https://www.transfermarkt.com/senny-mayulu/profil/spieler/903693","Nike","h","Transfermarkt (perfil, sin fecha)","https://www.transfermarkt.com/senny-mayulu/profil/spieler/903693","Transfermarkt lo lista como vestido por Nike; sin anuncio fechado.","2"
"Fútbol","M","Golden Boy 2025 (finalista)","https://www.si.com/soccer/golden-boy-2025-full-list-of-nominees","Victor Froholdt","2006","https://www.transfermarkt.com/victor-froholdt/profil/spieler/926993","n.d.","n","","","Sin contrato individual de calzado/indumentaria hallado.","2"
"Fútbol","M","Golden Boy 2025 (finalista)","https://www.si.com/soccer/golden-boy-2025-full-list-of-nominees","Warren Zaïre-Emery","2006","https://www.si.com/soccer/golden-boy-2025-full-list-of-nominees","Nike","h","Versus, 2026","https://www.versus.uk.com/articles/nike-unveil-a-football-inspired-sneaker-franchise","Usó zapatillas Nike Cryoshot antes de final UCL; sin contrato confirmado.","2"
"NFL","M","Draft NFL 2025 (top 5) #3","https://www.si.com/fannation/college/cfb-hq/picks/2025-nfl-draft-tracker-round-1-picks","Abdul Carter","2003","","Adidas","h","Sole Retriever, oct-2025","https://www.soleretriever.com/news/articles/look-great-play-great-nfl-week-6-best-tunnel-fits","Solo uso: llegó con chándal y Harden Vol. 9 de Adidas; sin contrato confirmado.","2"
"NFL","M","AP Defensive Rookie of the Year (temporada 2025)","https://blackamericaweb.com/2026/02/05/nfl-honors-winners/2/","Carson Schwesinger","2003","https://en.wikipedia.org/wiki/Carson_Schwesinger","n.d.","n","","","Sin contrato individual de calzado/ropa reportado.","2"
"NFL","M","Draft NFL 2025 (top 5) #5","https://www.si.com/fannation/college/cfb-hq/picks/2025-nfl-draft-tracker-round-1-picks","Mason Graham","2003","","n.d.","n","","","Sin contrato de calzado/ropa; solo un NIL con un concesionario de autos en Michigan.","2"
"NFL","M","AP Offensive Rookie of the Year (temporada 2025)","https://blackamericaweb.com/2026/02/05/nfl-honors-winners/2/","Tetairoa McMillan","2003","https://en.wikipedia.org/wiki/Tetairoa_McMillan","Jordan","v","ClutchPoints, may-2025","https://clutchpoints.com/sneakers/jordan-brand-signs-panthers-tetairoa-mcmillan","Primer novato en firmar con Jordan Brand antes de su debut NFL.","1"
"NFL","M","Draft NFL 2025 (top 5) #2","https://www.si.com/fannation/college/cfb-hq/picks/2025-nfl-draft-tracker-round-1-picks","Travis Hunter","2003","https://en.wikipedia.org/wiki/Travis_Hunter","Adidas","h","Andscape, dic-2024","https://andscape.com/features/travis-hunter-signs-adidas-endorsement-deal/","Contrato plurianual de calzado y ropa con Adidas firmado en Colorado (NIL), extendido a la NFL.","1"
"NFL","M","Draft NFL 2025 (top 5) #4","https://www.si.com/fannation/college/cfb-hq/picks/2025-nfl-draft-tracker-round-1-picks","Will Campbell","2004","https://en.wikipedia.org/wiki/Will_Campbell_(offensive_lineman)","n.d.","n","","","Sin contrato individual reportado; New Balance patrocina a los Patriots (equipo, no cuenta).","2"
"Tenis","M","Top 30 ATP singles, 28-sep-2026 (#28)","https://www.atptour.com/en/rankings/singles","Alexander Blockx","2005","https://en.wikipedia.org/wiki/Alexander_Blockx","n.d.","n","","","Sin información pública sobre patrocinador de ropa o calzado.","3"
"Tenis","F","Top 30 WTA singles, ranking sep-2026 (#18)","https://www.wtatennis.com/rankings/singles","Alexandra Eala","2005","https://en.wikipedia.org/wiki/Alexandra_Eala","Nike","v","Tennis365, ago-2026","https://www.tennis365.com/tennis-news/alex-eala-us-open-outfit-revealed","Patrocinada por Nike desde 2019; kit propio US Open 2026 y camisetas firmadas.","1"
"Tenis","M","Top 30 ATP singles, 28-sep-2026 (#9)","https://www.atptour.com/en/rankings/singles","Arthur Fils","2004","https://en.wikipedia.org/wiki/Arthur_Fils","Lacoste","h","Fucking Young, 2024","https://fuckingyoung.es/arthur-fils-the-rising-star-of-french-tennis-joins-lacoste-as-brand-ambassador","Embajador Lacoste desde ene-2024 (ropa); calzado Asics. Sin confirmación fechada 2025-26.","2"
"Tenis","M","Top 30 ATP singles, 28-sep-2026 (#3)","https://www.atptour.com/en/rankings/singles","Carlos Alcaraz","2003","https://en.wikipedia.org/wiki/Carlos_Alcaraz","Nike","v","Tennis.com, oct-2025","https://www.tennis.com/news/articles/carlos-alcaraz-reportedly-unveil-custom-logo-atp-finals-nike-brand-deals","Nike extendió su contrato hasta mediados de la década de 2030, con logo propio.","1"
"Tenis","F","Top 30 WTA singles, ranking sep-2026 (#4)","https://www.wtatennis.com/rankings/singles","Coco Gauff","2004","https://en.wikipedia.org/wiki/Coco_Gauff","New Balance","v","Forbes Perú, dic-2025","https://forbes.pe/forbes-women/2025-12-17/como-coco-gauff-triunfa-en-grande-dentro-y-fuera-de-la-cancha/","Contrato de ropa y calzado con New Balance (extensión de largo plazo 2022); zapatilla propia CG.","2"
"Tenis","F","Top 30 WTA singles, ranking sep-2026 (#14)","https://www.wtatennis.com/rankings/singles","Diana Shnaider","2004","https://en.wikipedia.org/wiki/Diana_Shnaider","Yonex","h","Yonex UK (perfil de atleta), s/f","https://www.yonex.co.uk/pages/athlete/diana-shnaider","Atleta Yonex (raqueta y calzado); vestía Adidas en 2024. Contrato de ropa no confirmado.","2"
"Tenis","F","Top 30 WTA singles, ranking sep-2026 (#13)","https://www.wtatennis.com/rankings/singles","Iva Jovic","2007","https://en.wikipedia.org/wiki/Iva_Jovic","Adidas","v","EssentiallySports, may-2026","https://www.essentiallysports.com/tennis-news-what-is-iva-jovics-net-worth-and-career-earnings-in-two-thousand-and-twenty-six/","Firmó con Adidas Tennis en 2024 para ropa y calzado.","1"
"Tenis","M","Top 30 ATP singles, 28-sep-2026 (#14)","https://www.atptour.com/en/rankings/singles","Jakub Mensik","2005","https://en.wikipedia.org/wiki/Jakub_Men%C5%A1%C3%ADk","Adidas","v","EssentiallySports, ago-2026","https://www.essentiallysports.com/tennis-news-what-is-jakub-mensiks-net-worth-in-2026-career-earnings-endorsements-more/","Adidas figura entre sus patrocinadores de ropa y calzado (Ubersonic 5).","2"
"Tenis","M","Top 30 ATP singles, 28-sep-2026 (#29)","https://www.atptour.com/en/rankings/singles","Joao Fonseca","2006","https://en.wikipedia.org/wiki/Jo%C3%A3o_Fonseca_(tennis)","On","v","Folha de Pernambuco, feb-2025","https://www.folhape.com.br/economia/on-dos-tenis-de-joao-fonseca-ve-salto-nas-vendas-e-ja-planeja-abrir/392578/","On lo patrocina en ropa y calzado; colección conjunta agotada en 2025.","1"
"Tenis","M","Top 30 ATP singles, 28-sep-2026 (#15)","https://www.atptour.com/en/rankings/singles","Learner Tien","2005","https://en.wikipedia.org/wiki/Learner_Tien","Adidas","v","EssentiallySports, ago-2025","https://www.essentiallysports.com/tennis-news-learner-tien-net-worth-twenty-twenty-five-career-earnings-endorsements-and-sponsorships/","Viste Adidas (línea Y-3) como patrocinador de ropa; calzado Adidas Defiant Speed 2.","2"
"Tenis","F","Top 30 WTA singles, ranking sep-2026 (#6)","https://www.wtatennis.com/rankings/singles","Linda Noskova","2004","https://en.wikipedia.org/wiki/Linda_Noskov%C3%A1","Yonex","v","EssentiallySports, jul-2026","https://www.essentiallysports.com/tennis-news-what-is-linda-noskovas-net-worth-in-2026-prize-money-career-earnings-sponsorships/","Yonex le provee raquetas, ropa y calzado; su patrocinio más largo (desde 2018).","1"
"Tenis","F","Top 30 WTA singles, ranking sep-2026 (#5)","https://www.wtatennis.com/rankings/singles","Mirra Andreeva","2007","https://en.wikipedia.org/wiki/Mirra_Andreeva","Nike","v","Tennis.com, ene-2026","https://prod.tennis.com/news/articles/mirra-andreeva-dons-i-would-like-to-thank-myself-sweatshirt-after-adelaide-title","Nike la viste (ropa y calzado) desde 2018; regalo del equipo Nike citado en 2026.","1"
"Tenis","M","Top 30 ATP singles, 28-sep-2026 (#13)","https://www.atptour.com/en/rankings/singles","Rafael Jodar","2006","https://en.wikipedia.org/wiki/Rafael_J%C3%B3dar","Nike","h","Featurespace (perfil web), 2026","https://www2.featurespace.com/rafael-jodar-net-worth-3hcn.html","Solo un perfil web poco fiable cita Nike y Babolat; sin anuncio oficial de contrato de ropa.","4"
"Tenis","F","Top 30 WTA singles, ranking sep-2026 (#29)","https://www.wtatennis.com/rankings/singles","Sara Bejlek","2006","https://en.wikipedia.org/wiki/S%C3%A1ra_Bejlek","n.d.","n","","","Sin información pública sobre patrocinador de ropa o calzado.","2"
"Tenis","F","Top 30 WTA singles, ranking sep-2026 (#15)","https://www.wtatennis.com/rankings/singles","Victoria Mboko","2006","https://en.wikipedia.org/wiki/Victoria_Mboko","Wilson","v","Tennis.com, may-2025","https://prod.tennis.com/news/articles/style-guide-victoria-mboko-roland-garros-debut-wilson","Contrato integral con Wilson (ropa, calzado y raqueta) desde ene-2024; sigue en plantel Wilson 2026.","1"
