"marca","grupo","color"
"Nike","nike",""
"Jordan","nike",""
"Converse","nike",""
"Adidas","principal","--b-adidas"
"Puma","principal","--b-puma"
"Under Armour","principal","--b-ua"
"On","principal","--b-on"
"New Balance","principal","--b-nb"
"Asics","principal","--b-lux"
"Anta","principal","--b-china"
"Li-Ning","principal","--b-china"
"Sin contrato","sin",""
"n.d.","nd",""
"Lacoste","otro",""
"Uniqlo","otro",""
"Yonex","otro",""
"Boss","otro",""
"Lululemon","otro",""
"361","otro",""
"Wilson","otro",""
"Descente","otro",""
"Peter Millar","otro",""
"Reebok","otro",""
"Athleta","otro",""
"741 (marca propia)","otro",""
"Lotto","otro",""
"Le Coq Sportif","otro",""
"FootJoy","otro",""
"Skechers","otro",""
"H&M","otro",""
"Fila","otro",""
"K-Swiss","otro",""
"Oakley","otro",""
"Municipal","otro",""
"Ozone","otro",""
"While On Earth","otro",""
"Rublo (marca propia)","otro",""
"Vuori","otro",""
"Malbon","otro",""
"Sun Day Red","otro",""
"Peak","otro",""
"One8/Agilitas","otro",""
"Nike (firma)","nike",""
"Ashworth","otro",""
"Callaway","otro",""
"Ralph Lauren","otro",""
"Bonobos","otro",""
"Greyson","otro",""
"TravisMathew","otro",""
"J.Lindeberg","otro",""
"Ping","otro",""
"Original Penguin","otro",""
"Castore","otro",""
"B.Draddy","otro",""
"Srixon","otro",""
"Stitch","otro",""
"Holderness & Bourne","otro",""
"Mizuno","otro",""
"Reusch","otro",""
