"anio","atleta","deporte","de","a","tipo","causa","confianza","fuentes_url","clave"
"2026","Kylian Mbappé","Fútbol","Nike","On","out","Versiones encontradas: CNBC (fuente anónima, 18-sep-2026) dice que Nike no renovó. The Irish Times (26-sep-2026), citando a The Athletic, dice que el contrato venció, Nike le ofreció 10 años por más de €20 mm anuales y él eligió On (efectivo más acciones). OneFootball (jul-2026) reportó que Nike buscaba retenerlo. No resuelto.","v","https://www.cnbc.com/2026/09/18/kylian-mbappe-signs-with-on-after-nike-parts-ways.html | https://irishtimes.com/sport/athletics/2026/09/26/kylian-mbappe-strikes-another-blow-to-nikes-once-infallible-brand | https://onefootball.com/en/news/nike-steps-up-bid-to-keep-kylian-mbappe-as-contract-nears-31-july-expiry-42616417 | https://www.cnbc.com/2026/09/21/kylian-mbappe-nike-exit-on-soccer-footwear.html","1"
"2026","Tommy Fleetwood","Golf","Nike","Sin contrato","out","Su contrato de ropa terminó en enero; ahora lleva Blackstone en la gorra sin marca de ropa fija","v","https://www.sponsorunited.com/insights/masters-week-sponsorship-season-2026","1"
"2024","Taylor Fritz","Tenis","Nike","Boss","out","Causa no pública: ropa Boss desde mar-2024 y calzado Asics desde el 22-ago-2024. La fecha exacta de salida de Nike no es pública","v","https://www.tennis.com/news/articles/taylor-fritz-debuts-new-hugo-boss-apparel-sponsorship-ahead-of-2024-bnp-paribas-open | https://sportskeeda.com/tennis/news-taylor-fritz-ditches-nike-boss-debuts-new-kit-indian-wells-2024 | https://ubitennis.com/blog/2024/03/06/fritz-cambia-sponsor-dopo-una-vita-con-nike-lamericano-passa-a-boss | https://corp.asics.com/en/press/article/asics-welcomes-taylor-fritz-to-global-athlete-roster- | https://apparelresources.com/business-news/retail/asics-signs-olympic-bronze-medalist-taylor-fritz-new-tennis-ambassador | https://racquetmag.com/taylor-fritz-is-the-final-boss","1"
"2026","Emma Raducanu","Tenis (F)","Nike","Uniqlo","out","Causa no pública; dejó Nike tras toda su carrera y firmó con Uniqlo (anunciado el 24-feb-2026)","v","https://tennisnow.com/emma-raducanu-leaves-nike-for-uniqlo/ | https://www.si.com/onsi/serve/style/emma-raducanu-is-reportedly-leaving-nike-in-2026","1"
"2025","Jack Draper","Tenis","Nike","Vuori","out","Causa no pública; ropa Vuori y calzado Asics desde ago-2025","v","https://www.forbes.com/sites/mattcraig/2025/08/21/jack-draper-tennis-vuori-sponsor/ | https://www.si.com/onsi/serve/style/jack-draper-dumps-nike-before-2025-us-open","1"
"2025","Frances Tiafoe","Tenis","Nike","Lululemon","out","Causa no pública; Lululemon anunciado el 9-ene-2025; calzado K-Swiss sin contrato formal","v","https://www.si.com/onsi/serve/style/frances-tiafoe-is-leaving-nike-before-the-australian-open | https://www.si.com/onsi/serve/style/top-10-fashion-statements-2026-french-open | https://www.forbes.com/sites/timnewcomb/2025/01/09/frances-tiafoe-switches-to-lululemon-tennis-apparel/","1"
"2025","Rodrygo","Fútbol","Nike","Adidas","out","Terminó una relación de una década con Nike","v","https://www.si.com/soccer/top-10-soccer-players-sponsored-adidas-2026","1"
"2024","Lamine Yamal","Fútbol","Nike","Adidas","out","El jugador eligió Adidas aunque Nike quería extender; dijo que en Nike no había espacio con Mbappé y Vinícius","v","https://www.footyheadlines.com/2024/01/adidas-to-sign-lamine-yamal.html | https://www.footyheadlines.com/5527364169/lamine-yamal-explains-decision-to-leave-nike-for-adidas.html","1"
"2024","Aitana Bonmatí","Fútbol (F)","Nike","Adidas","out","Firmó con Adidas el 20-jul-2024. Ninguna fuente encontrada dice que Nike quisiera retenerla","v","https://www.footyheadlines.com/2024/07/aitana-bonmati-signs-adidas-deal-receives-custom-predator-boots-for-olympics.html | https://beinsports.com/en-us/soccer/la-liga/articles-video/lamine-yamal-follows-messi-s-lead-leaves-nike-signs-with-adidas-2024-02-26 | https://soccerbible.com/news/2024/02/adidas-confirm-the-long-term-signing-of-lamine-yamal | https://www.footyheadlines.com/2024/01/adidas-to-sign-lamine-yamal.html?m=1 | https://footyheadlines.com/2024/07/aitana-bonmati-signs-adidas-deal-receives-custom-predator-boots-for-olympics.html | https://www.modaes.com/back-stage/aitana-bonmati-rompe-con-nike-y-regresa-a-adidas-en-un-contrato-record | https://www.elgoldigital.com/futbol/fc-barcelona/el-nuevo-contrato-de-aitana-la-aleja-del-fc-barcelona/","1"
"2024","Khvicha Kvaratskhelia","Fútbol","Nike","Adidas","out","Nike no renovó, según una sola fuente (Footy Headlines, oct-2023); el paso a Adidas (feb-2024) está corroborado","h","https://www.footyheadlines.com/2023/10/kravat-to-leave-nike.html | https://www.footyheadlines.com/2024/02/kvaratskhelia-joins-adidas-receives.html","1"
"2024","Casemiro","Fútbol","Nike","Adidas","out","Causa no pública; ocurre durante el plan de recorte de costos de Nike","v","https://www.sportbible.com/football/football-news/adidas-predator-24-nike-signing-814955-20240211","0"
"2024","Tiger Woods","Golf","Nike","Sun Day Red","out","Fin de una relación de 27 años; causa no pública","v","https://www.golfmonthly.com/news/nike-golf-announces-newest-signing-to-clothing-and-footwear-agreement","1"
"2024","Jason Day","Golf","Nike","Malbon","out","Causa no pública","v","https://www.golfmonthly.com/news/nike-golf-announces-newest-signing-to-clothing-and-footwear-agreement","1"
"2023","Nikola Jokić","Básquet","Nike","361","out","Causa no pública; estuvo con Nike toda su carrera NBA sin zapatilla propia y firmó con 361 en dic-2023","v","https://hypebeast.com/2023/12/nikola-jokic-leaves-nike-joins-361-degrees | https://kicksologists.com/2025/02/25/nba-players-since-2000-with-non-nike-reebok-adidas-signature-shoes/","1"
"2023","Ousmane Dembélé","Fútbol","Nike","Adidas","out","Su contrato expiró y pasó meses probando marcas","v","https://www.footyheadlines.com/2023/04/dembele-to-join-puma.html","1"
"2022","Kyrie Irving","Básquet","Nike","Anta","out","Nike terminó el contrato (dic-2022) tras la polémica por un tuit de Irving; firmó con Anta en jul-2023","v","https://www.si.com/nba/2023/07/12/kyrie-irving-shoe-deal-anta-after-nike-fallout-mavericks","1"
"2021","Simone Biles","Gimnasia (F)","Nike","Athleta","out","Causa no pública; firmó con Athleta el 23-abr-2021","v","https://www.espn.com/olympics/gymnastics/story/_/id/31316152/simone-biles-leaving-nike-partner-athleta","1"
"2020","Neymar","Fútbol","Nike","Puma","out","Nike terminó el contrato (ago-2020): dice que Neymar no cooperó con una investigación interna; Neymar lo niega. Firmó con Puma en sep-2020","v","https://thehill.com/blogs/in-the-know/in-the-know/555927-nike-dropped-soccer-superstar-neymar-after-he-refused-to/","1"
"2019","Allyson Felix","Atletismo (F)","Nike","Athleta","out","Disputa pública con Nike por la rebaja de su oferta tras la maternidad; firmó con Athleta en jul-2019","v","https://www.cnbc.com/2019/07/30/gaps-athleta-brand-signs-sponsorship-deal-with-olympian-allyson-felix.html","1"
"2018","Roger Federer","Tenis","Nike","Uniqlo","out","Contrato expiró (mar-2018) y Nike no igualó la oferta de Uniqlo; siguió con calzado Nike. En 2019 se hizo inversionista de On","v","https://money.cnn.com/2018/07/02/news/companies/roger-federer-nike-uniqlo-wimbledon-tennis","1"
"2018","Kawhi Leonard","Básquet","Jordan","New Balance","out","Contrato expiró: rechazó una extensión de Jordan (4 años, US$22 mm) y firmó con New Balance en nov-2018","v","https://www.si.com/nba/2018/11/28/kawhi-leonard-new-balance-shoe-deal-endorsement-raptors","1"
"2015","James Harden","Básquet","Nike","Adidas","out","Nike no igualó la oferta de Adidas (13 años, US$200 mm)","v","https://www.espn.com/nba/story/_/id/13430132/james-harden-houston-rockets-join-adidas-nike-opts-not-match-13-year-200-million-offer","1"
"2026","Shai Gilgeous-Alexander","Básquet","Converse","Nike","in","Movimiento interno de Nike Inc.; el MVP sube a la marca principal","v","https://bleacherreport.com/articles/25441506-sga-nike-agree-shoe-contract-after-thunder-star-teases-move-converse-ig-video","0"
"2025","Cade Cunningham","Básquet","Nike","Nike (firma)","in","Zapatilla propia por seis años (nov-2025)","v","https://www.si.com/fannation/sneakers/news/predicting-next-10-nba-players-to-get-signature-sneakers","0"
"2025","Victor Wembanyama","Básquet","Nike","Nike (firma)","in","Nuevo contrato de zapatilla propia","v","https://www.si.com/fannation/sneakers/news/predicting-next-10-nba-players-to-get-signature-sneakers","0"
"2024","Caitlin Clark","Básquet (F)","Nike","Nike (firma)","in","Renovó por un contrato récord de US$28 mm con zapatilla propia","v","https://www.cbssports.com/wnba/news/nike-unveils-caitlin-clarks-new-logo-with-signature-shoe-full-apparel-line-set-for-2026-release","0"
"2017","Jason Day","Golf","Adidas","Nike","in","Firmó con Nike para 2017 (calzado, ropa, gorras y guantes); se fue en 2024","v","https://www.cbssports.com/golf/news/jason-day-officially-signs-with-nike-golf-for-2017-bolstering-its-great-lineup","1"
"2016","Frances Tiafoe","Tenis","Adidas","Nike","in","Firmó con Nike en may-2016; se fue en 2025","v","https://www.si.com/onsi/serve/style/frances-tiafoe-is-leaving-nike-before-the-australian-open","1"
"2026","Stephen Curry","Básquet","Under Armour","Li-Ning","rival","Curry Brand se asoció a largo plazo con Li-Ning en jun-2026","v","https://en.wikipedia.org/wiki/Curry_Brand","1"
"2026","Alex de Minaur","Tenis","Asics","Wilson","rival","Deja Asics tras toda su carrera","v","https://www.puntodebreak.com/en/2025/12/31/minaur-surprises-with-sudden-change-in-the-clothing-brand-sponsoring-him","0"
"2025","Virat Kohli","Cricket","Puma","One8/Agilitas","rival","No renovó con Puma e invirtió en Agilitas","v","https://www.cricexec.com/virat-kohli-ends-13m-puma-deal-set-to-join-indian-sportswear-startup-agilitas-as-investor/78545/","0"
"2024","Xander Schauffele","Golf","Adidas","Descente","rival","Cambió la ropa a Descente; mantiene calzado Adidas","v","https://www.golfmonthly.com/news/xander-schauffeles-clothing-his-new-sponsor-for-2024","0"
"2024","Jaylen Brown","Básquet","Sin contrato","741 (marca propia)","rival","Su contrato con Adidas terminó en 2021 y estuvo sin contrato de calzado hasta lanzar 741 en sep-2024; rechazó más de US$50 mm. (v3 decía que venía de Peak; no se encontró fuente)","v","https://www.sportico.com/leagues/basketball/2024/boston-celtics-jaylen-brown-launches-shoe-brand-1234798693/","0"
"2024","Flavio Cobolli","Tenis","Lotto","On","rival","Firma con On","v","https://ww.fashionnetwork.com/news/Roger-federer-backed-on-signs-deal-with-rising-tennis-star-flavio-cobolli,1633305.html","0"
"2023","Iga Swiatek","Tenis (F)","Asics","On","rival","Pasó de Asics a On en mar-2023 (antes de Asics vestía Nike)","v","https://womenstennisblog.com/2023/03/20/clothing-sswiatek-leaves-asics-moves-on/","0"
"2023","Ben Shelton","Tenis","New Balance","On","rival","Firma con On en mar-2023; la marca previa (New Balance) sale de un resumen de búsqueda sin página atribuible","h","https://10sballs.com/2023/03/20/iga-swiatek-and-ben-shelton-sign-with-roger-federers-on-brand/","0"
"2023","Harry Kane","Fútbol","Nike","Skechers","out","Contrato expiró, causa no pública: SportBusiness dice que su contrato con Nike venció en el verano de 2023 sin renovarse; City AM dice que renunció a un contrato importante con Nike. Firmó un contrato vitalicio con Skechers (ago-2023)","v","https://sportbusiness.com/2023/09/im-just-kane-how-skechers-became-part-of-harrys-game | https://www.cityam.com/?p=2037402 | https://www.goal.com/de/meldungen/bayern-harry-kane-schuh-ausruester-wechsel-nike-skechers/bltd8dff5dbb8e9b173","1"
"2025","Josh Allen","NFL","Nike","New Balance","out","Causa no pública; el MVP 2024 dejó Nike (2018-2025) y firmó con New Balance en sep-2025","v","https://dknetwork.draftkings.com/2025/09/05/josh-allen-joins-new-balance-ahead-of-nfl-season-is-a-signature-sneaker-next-endorsement-cleats-lifestyle-shoe-bills/ | https://newbalance.newsmarket.com/kids/josh-allen-announces-joining-the-new-balance-family-in-letter-to-his-hometown/s/04d2a89f-234e-4229-9f7b-dbc2a2c4b3e1 | https://www.si.com/nfl/bills/news/josh-allen-officially-announces-deal-with-major-sports-footwear-and-apparel-supplier- | https://footwearmagazine.com/nfl-mvp-josh-allen-signs-with-new-balance-leaving-nike-behind/","1"
"2025","Christian McCaffrey","NFL","Nike","While On Earth","out","No renovó con Nike; se unió a While On Earth como cofundador e inversor (25-ago-2025)","v","https://www.businesswire.com/news/home/20250825276406/en/NFL-Superstar-Christian-McCaffrey-Joins-Performance-Footwear-and-Apparel-Brand-while-on-earth-as-Co-Founder-and-Investor | https://fashionunited.com/news/business/nfl-star-christian-mccaffrey-invests-in-performance-brand-while-on-earth/2025082667899 | https://www.profootballnetwork.com/?p=1497691 | https://athletechnews.com/christian-mccaffrey-joins-while-on-earth-as-co-founder-investor/","1"
"2023","Andrey Rublev","Tenis","Nike","Rublo (marca propia)","out","Nike no renovó su contrato al terminar 2022, tras retirar su negocio de Rusia (Tennis.com); lanzó Rublo en ene-2023","v","https://prod.tennis.com/news/articles/equality-kindness-hope-andrey-rublev-launches-rublo-a-clothing-brand-that-s-not | https://sportskeeda.com/tennis/news-american-tennis-star-reilly-opelka-questions-nike-s-decision-end-contract-world-no-5-andrey-rublev | https://www.tennisnet.com/en/news/is-the-season-already-over-for-nike","1"
"2024","Andrey Rublev","Tenis","Rublo (marca propia)","K-Swiss","rival","Contrato plurianual de ropa y calzado con K-Swiss (ago-2024)","v","https://fashionunited.com/press/fashion/k-swiss-forges-powerful-partnership-with-andrey-rublev-no-6-tennis-player-in-the-world/2024082661550","0"
"2017","Novak Djokovic","Tenis","Uniqlo","Lacoste","rival","Contrato expiró, causa no pública: terminó su contrato con Uniqlo y firmó con Lacoste por 5 años (may-2017)","v","https://hypebeast.com/2017/5/novak-djokovic-signs-with-lacoste-after-uniqlo","0"
"2021","Jorginho","Fútbol","Nike","Puma","out","Causa no pública; Puma anunció su fichaje el 30-dic-2021","v","https://about.puma.com/en/newsroom/corporate-news/2021/30-12-2021-puma-welcomes-european-champion-and-uefa-mens-2021-player","1"
"2023","Grigor Dimitrov","Tenis","Nike","Lacoste","out","Causa no pública; contrato de 3 años con Lacoste (may-2023)","v","https://www.si.com/onsi/serve/style/lacoste-unveils-tennis-kits-for-2024-rolex-paris-masters","1"
"2023–26","Salma Paralluelo","Fútbol (F)","Adidas","Nike","in","El Gol Digital reporta que Nike se la quitó a Adidas; la fecha del cambio no está verificada (fines de 2023 o 2026)","h","https://www.elgoldigital.com/futbol/fc-barcelona/salma-paralluelo-rivaliza-con-alexia-putellas-con-un-contratatazo-de-nike/","1"
"2025","Lorenzo Musetti","Tenis","Nike","Asics","out","Causa no pública","v","https://www.si.com/onsi/serve/style/lorenzo-musetti-ditches-nike-for-asics-in-2025 | https://prod.tennis.com/news/articles/new-sponsors-apparel-2025-frances-tiafoe-lululemon-dimitrov-adidas-carlos-alcaraz-coach-nike-kalinskaya","1"
"2022","Erling Haaland","Fútbol","Nike","Sin contrato","out","El contrato expiró a inicios de 2022 y quedó como agente libre mientras escuchaba ofertas","v","https://www.footyheadlines.com/2023/03/erling-haaland-signs-nike-boot-deal.html | https://www.goal.com/en-za/news/erling-haaland-20m-boot-deal-nike-rejecting-puma-adidas/bltbb64a31d6a4334e0","1"
"2023","Erling Haaland","Fútbol","Sin contrato","Nike","in","Nike le ofreció el contrato más alto, por encima de Puma y Adidas (unos US$36 mm al año según Boss Hunting)","v","https://www.footyheadlines.com/2023/03/erling-haaland-signs-nike-boot-deal.html | https://www.bosshunting.com.au/sport/erling-haaland-nike-deal","1"
"2023","Vinícius Júnior","Fútbol","Nike","Nike","in","Renovó tras demandar para rescindir (dic-2022 a feb-2023): se sentía poco valorado. Firmó un nuevo contrato largo en nov-2023","v","https://footyheadlines.com/2022/12/vinicius-jr-takes-legal-action-to.html?m=1 | https://footyheadlines.com/2023/11/vinicius-officially-signed-a-new-long-term-partnership-with-nike.html","0"
"2015","Aaron Rodgers","NFL","Nike","Adidas","out","Causa no pública; Adidas lo fichó con un contrato plurianual en sep-2015","v","https://fortune.com/2015/09/10/aaron-rodgers-adidas | https://www.foxnews.com/sports/packers-qb-aaron-rodgers-to-promote-adidas-products","1"
"2023","Shohei Ohtani","Béisbol","Asics","New Balance","rival","Causa no pública","v","https://www.formula4media.com/articles/nb-signs-mlb-superstar-ohtani | https://aol.com/news/angels-star-shohei-ohtani-signs-130031808.html","0"
"2016","Justin Rose","Golf","Ashworth","Adidas","rival","Causa no pública","v","https://thegolfnewsnet.com/ryan_ballengee/2016/06/16/justin-rose-moves-ashworth-adidas-golf-apparel-19386/ | https://www.nbcsports.com/golf/news/justin-rose-switches-ashworth-taylormade-adidas-golf","0"
"2019","Justin Rose","Golf","Adidas","Bonobos","rival","Su contrato con Adidas venció a fines de 2018 y no se renovó","v","https://www.golfdigest.com/story/justin-rose-to-leave-taylormade-expected-to-sign-with-honma | https://www.golfmagic.com/equipment-news/justin-rose-signs-new-golf-apparel-deal-bonobos-golf","0"
"2018","Patrick Reed","Golf","Callaway","Nike","in","Causa no pública","v","https://www.sportsbusinessdaily.com/Daily/Issues/2018/04/09/Marketing-and-Sponsorship/Patrick-Reed.aspx | https://golfwrx.com/483780/patrick-reed-signs-with-nike-golf-is-no-longer-on-staff-with-callaway/","1"
"2018","Francesco Molinari","Golf","n.d.","Nike","in","Causa no pública","v","https://golf.com/news/francesco-molinari-nike-equipment/ | https://www.sportsbusinessdaily.com/Daily/Issues/2018/08/02/Marketing-and-Sponsorship/Chips-Putts.aspx","1"
"2021","Justin Thomas","Golf","Ralph Lauren","Sin contrato","rival","Ralph Lauren terminó el contrato en ene-2021 tras un insulto homofóbico captado en video; firmó con Greyson 14 meses después","h","","0"
"2021","Jon Rahm","Golf","Adidas","TravisMathew","rival","Llegó con su contrato de palos con Callaway, dueña de TravisMathew","v","https://thegolfnewsnet.com/golfnewsnetteam/2021/01/04/jon-rahm-joins-callaway-golf-with-14-club-staff-deal-will-wear-travis-mathew-apparel-121571/ | https://golf.com/?p=15432530","0"
"2022","Justin Thomas","Golf","Sin contrato","Greyson","rival","Ralph Lauren lo dejó en ene-2021 por un insulto homofóbico; firmó con Greyson en mar-2022","v","https://www.golfmagic.com/equipment-news/justin-thomas-signs-greyson-after-being-axed-ralph-lauren-last-year | https://golfwrx.com/672844/justin-thomas-officially-signs-new-apparel-deal/","0"
"2023","Patrick Cantlay","Golf","Boss","B.Draddy","rival","Causa no pública","v","https://thegolfnewsnet.com/ryan_ballengee/2023/01/05/patrick-cantlay-starts-2023-without-a-clothing-or-equipment-sponsorship-127863/amp/ | https://www.endurancesportswire.com/b-draddy-zero-restriction-sign-ambassador-deal-with-patrick-cantlay/","0"
"2025","Achraf Hakimi","Fútbol","Adidas","Under Armour","rival","Causa no pública","v","https://retailtimes.co.uk/under-armour-signs-world-class-right-back-achraf-hakimi/ | https://h24info.ma/?p=906119 | https://footyheadlines.com/2025/03/hakimi-to-join-under-armour.html","0"
"2023","Aaron Judge","Béisbol","Sin contrato","Jordan","in","Su contrato con Adidas (desde 2018) terminó antes de jun-2022; jugó 2022 sin contrato y firmó con Jordan Brand en 2023","v","https://www.complex.com/sneakers/a/victor-deng/aaron-judge-signs-with-jordan-brand | https://hypebeast.com/2023/8/aaron-judge-jordan-brand-endorsement-deal-shoe-contract","1"
"2022","Aaron Judge","Béisbol","Adidas","Sin contrato","rival","Causa no pública; el contrato con Adidas expiró y en jun-2022 se declaró agente libre de calzado","v","https://www.complex.com/sneakers/a/victor-deng/aaron-judge-signs-with-jordan-brand","0"
"2024","Yordan Alvarez","Béisbol","Adidas","Nike","in","Causa no pública; Nike anunció su contrato de calzado en feb-2024 (antes usaba Adidas)","h","https://www.si.com/fannation/sneakers/news/yordan-alvarez-signs-footwear-deal-with-nike","1"
"2015","J.J. Watt","NFL","Nike","Reebok","out","Causa no pública; firmó con Reebok en abr-2015","v","https://abc13.com/post/reebok-signs-texans-star-jj-watt-to-endorsement-deal/655052/","1"
"2026","Soufiane El Bakkali","Atletismo","Nike","On","out","Causa no pública; firmó con On en ene-2026 tras una década con Nike","v","https://www.marathons.com/en/news/olympic-3000m-steeplechase-champion-soufiane-el-bakkali-signs-with-on-running/","1"
"2019","Armand Duplantis","Atletismo","Sin contrato","Puma","rival","Firmó su primer contrato profesional con Puma al dejar LSU (jun-2019)","v","https://letsrun.com/news/2019/06/mondo-duplantis-signs-with-puma","0"
"2023","Bryson DeChambeau","Golf","Puma","Sin contrato","rival","Su contrato con Cobra Puma venció a fines de 2022; desde 2024 viste la ropa de su equipo LIV (Stitch, luego Reebok), que no cuenta como contrato individual","h","","0"
"2018","Joel Embiid","Básquet","Adidas","Under Armour","rival","Under Armour le ofreció 5 años (vigente desde el 28-sep-2018) y Adidas no igualó la oferta","v","https://www.inquirer.com/philly/sports/sixers/joel-embiid-under-armour-sneaker-deal-sixers-76ers-20181010.html | https://www.hypebeast.com/2018/10/joel-embiid-under-armour-adidas-shoe-deal","0"
"2025","Stephen Curry","Básquet","Under Armour","Sin contrato","rival","UA y Curry anunciaron la separación de Curry Brand el 13-nov-2025 con efecto inmediato; Curry se quedó con la marca","v","https://thegrio.com/2025/11/14/under-armour-and-stephen-curry-split","0"
