"atleta","anio_nacimiento","verificado","fuente_url"
"Lamine Yamal","2007","1","https://en.wikipedia.org/wiki/Lamine_Yamal"
"Pau Cubarsí","2007","1","https://en.wikipedia.org/wiki/Pau_Cubars%C3%AD"
"Jude Bellingham","2003","1","https://en.wikipedia.org/wiki/Jude_Bellingham"
"Victor Wembanyama","2004","1","https://en.wikipedia.org/wiki/Victor_Wembanyama"
"Carlos Alcaraz","2003","1","https://en.wikipedia.org/wiki/Carlos_Alcaraz"
"Ben Shelton","2002","1","https://en.wikipedia.org/wiki/Ben_Shelton"
"Anthony Edwards","2001","1","https://en.wikipedia.org/wiki/Anthony_Edwards_(basketball)"
"Mirra Andreeva","2007","1","https://en.wikipedia.org/wiki/Mirra_Andreeva"
"Coco Gauff","2004","1","https://en.wikipedia.org/wiki/Coco_Gauff"
"Salma Paralluelo","2003","1","https://en.wikipedia.org/wiki/Salma_Paralluelo"
"Suni Lee","2003","1","https://en.wikipedia.org/wiki/Sunisa_Lee"
"Kaylia Nemour","2006","1","https://en.wikipedia.org/wiki/Kaylia_Nemour"
"Khvicha Kvaratskhelia","2001","1","https://en.wikipedia.org/wiki/Khvicha_Kvaratskhelia"
"Flavio Cobolli","2002","1","https://en.wikipedia.org/wiki/Flavio_Cobolli"
"Emma Raducanu","2002","1","https://en.wikipedia.org/wiki/Emma_Raducanu"
"Iga Swiatek","2001","1","https://en.wikipedia.org/wiki/Iga_%C5%9Awi%C4%85tek"
"Caitlin Clark","2002","1","https://en.wikipedia.org/wiki/Caitlin_Clark"
"Rodrygo","2001","1","https://en.wikipedia.org/wiki/Rodrygo"
"Jack Draper","2001","1","https://en.wikipedia.org/wiki/Jack_Draper"
"Michael Olise","2001","1","https://en.wikipedia.org/wiki/Michael_Olise"
"Jannik Sinner","2001","0",""
"Cade Cunningham","2001","0",""
"Paige Bueckers","2001","0",""
"Jordan Chiles","2001","0",""
"Shai Gilgeous-Alexander","1998","0",""
"Julien Alfred","2001","0",""
"Rebeca Andrade","1999","0",""
"Ludvig Åberg","1999","0",""
"Chris Gotterup","1999","0",""
"Bobby Witt Jr.","2000","0",""
"Juan Soto","1998","0",""
"Holger Rune","2003","1","https://en.wikipedia.org/wiki/Holger_Rune"
"Lorenzo Musetti","2002","1","https://en.wikipedia.org/wiki/Lorenzo_Musetti"
"Erling Haaland","2000","0",""
"Vinícius Júnior","2000","0",""
"Vitinha","2000","0",""
"Cole Palmer","2002","0",""
"Nuno Mendes","2002","0",""
